dayofweek,sales
0,0.7929073861060483
1,0.9229788168879499
2,0.9257079445048392
3,0.9899126185549199
4,1.0556353322612109
5,1.1227248829490384
6,1.1893395604452117
