month,sales
1,0.6798910645005924
2,0.7536493950494468
3,0.905364868604246
4,1.05555196987097
5,1.131634346683344
6,1.2062226575129833
7,1.2822631844754588
8,1.131194281188545
9,1.0540183259814082
10,0.9797803882853382
11,1.056799554725557
12,0.7533980539037021
