year,sales
2013,0.8327927519756828
2014,0.9580317836142672
2015,1.0001268529386538
2016,1.083180706146528
2017,1.125640012979261
